studentid,name,batch,department,phone,email
1,Emelita,2409,Business Development,528-438-4992,emaffiotti0@yelp.com
2,Chrysler,4965,Training,473-164-0572,cswetmore1@seattletimes.com
3,Felicio,573,Product Management,502-282-3935,fshingler2@usa.gov
4,Sonny,4,Business Development,565-641-1279,sbeardsell3@istockphoto.com
5,Bradley,30,Research and Development,548-431-6833,bmackrell4@lulu.com
6,Wanda,15,Marketing,364-681-0343,wthoresbie5@hc360.com
7,Aveline,364,Legal,951-742-5826,acarless6@amazon.de
8,Kimbell,1673,Product Management,341-205-7397,kbolland7@webeden.co.uk
9,Stafani,256,Support,982-764-9546,swallwork8@zdnet.com
10,Reidar,426,Research and Development,964-774-6487,rharcus9@domainmarket.com
11,Broddy,707,Services,311-937-2038,bpinera@livejournal.com
12,Liuka,,Support,555-668-4177,lbaeldeb@privacy.gov.au
13,Devland,2264,Research and Development,177-272-3608,dfratsonc@google.it
14,Red,43,Human Resources,517-731-8054,roliffd@omniture.com
15,Astrix,584,Services,734-810-2457,abriancee@nasa.gov
16,Melony,6352,Accounting,911-848-3067,mbertrandf@issuu.com
17,Hana,109,Services,513-284-1937,hbyrcherg@tinypic.com
18,Ahmad,305,Services,698-683-6151,aucchinoh@goo.ne.jp
19,Clevey,1600,Training,208-714-6834,ccellei@dagondesign.com
20,Ari,29,Training,911-132-8810,afogartyj@wsj.com
21,Franny,685,Product Management,666-863-4402,fahernek@gmpg.org
22,Diandra,5755,Marketing,215-211-1393,dfassmanl@yellowbook.com
23,Dorree,610,Legal,774-507-8874,dsimonellim@go.com
24,Alonzo,,Support,129-389-3859,acarisn@lycos.com
25,Joete,3011,Human Resources,537-264-9583,jcaddieso@guardian.co.uk
26,Terrijo,1278,Services,230-528-7497,tmixp@guardian.co.uk
27,Anton,286,Product Management,209-796-3582,alamymanq@mozilla.org
28,Gretel,729,Services,788-306-3688,gbeldenr@yandex.ru
29,Lindon,7500,Engineering,454-762-6057,lkinastans@altervista.org
30,Maryrose,1354,Marketing,789-748-1175,mdeguarat@ca.gov
31,Dieter,26,Training,768-853-1596,dhavisu@msn.com
32,Pietra,31,Support,409-467-5283,pcoolahanv@eventbrite.com
33,Audrye,591,Human Resources,931-786-0162,adonetw@free.fr
34,Ban,96,Support,905-454-1136,blittlejohnsx@auda.org.au
35,Murial,1354,Services,969-836-1508,mdaethy@blogs.com
36,Jeramey,441,Support,431-456-5952,jmathissenz@ibm.com
37,Saree,25,Accounting,869-840-7507,sbacksal10@techcrunch.com
38,Will,96,Marketing,532-820-1638,wvanyatin11@paypal.com
39,Stillman,305,Accounting,170-904-9816,shandling12@dropbox.com
40,Elfreda,212,Support,654-654-9362,efischer13@google.com.br
41,Alessandro,13,Engineering,252-262-8106,athackwray14@instagram.com
42,Dolf,6,Business Development,291-106-3129,drenfree15@ucoz.ru
43,Anabelle,4200,Business Development,540-598-3566,awrought16@microsoft.com
44,Brigida,19,Services,796-594-5568,bchittim17@shop-pro.jp
45,Norry,427,Services,400-965-0540,nfranzettoini18@unesco.org
46,Trev,230,Research and Development,991-338-7755,tmains19@ebay.com
47,Brande,1522,Support,778-411-3599,bcesconi1a@rediff.com
48,Christy,1182,Training,193-680-2792,cferrarello1b@typepad.com
49,Martie,1824,Training,783-230-3999,marons1c@1688.com
50,Glyn,4513,Sales,501-530-5997,gcarlo1d@vinaora.com
51,Corella,7,Support,658-873-2809,cmathelin1e@berkeley.edu
52,Romona,1558,Support,682-828-2193,rlyst1f@redcross.org
53,Trumann,157,Accounting,455-611-0521,tlerohan1g@yellowpages.com
54,Cassius,5460,Engineering,835-308-5255,crestorick1h@mlb.com
55,Shannon,240,Engineering,139-598-9377,scollins1i@so-net.ne.jp
56,Thorstein,,Human Resources,871-547-8209,tmordy1j@google.cn
57,Malissa,1365,Legal,401-472-1067,mattwooll1k@typepad.com
58,Cherice,238,Training,264-482-8633,cmallen1l@addtoany.com
59,Wynn,56,Services,355-756-3567,wgosby1m@sciencedirect.com
60,Teena,53,Business Development,996-635-1544,tnewham1n@delicious.com
61,Amabelle,2250,Services,846-856-5009,acopo1o@theguardian.com
62,Rici,33,Engineering,886-853-6940,rhaversum1p@stumbleupon.com
63,Patrice,292,Support,753-289-4183,pmackim1q@people.com.cn
64,Annalise,226,Human Resources,279-205-6489,adachs1r@statcounter.com
65,Gustavus,5700,Engineering,256-240-9519,gconiam1s@cornell.edu
66,Yul,3990,Legal,773-138-8706,ymatiebe1t@soup.io
67,Krissy,3665,Sales,666-642-4341,khallatt1u@networksolutions.com
68,Edi,41,Marketing,564-894-2428,elillywhite1v@delicious.com
69,Lynett,42,Research and Development,960-470-0011,lmeneghelli1w@shop-pro.jp
70,Rosalynd,154,Services,423-727-6982,rpigeon1x@cnet.com
71,Bartholomeo,46,Engineering,130-555-4750,bgilbank1y@springer.com
72,Coleen,141,Business Development,789-827-6882,cesser1z@washingtonpost.com
73,Darnell,75,Training,941-538-2348,dsannes20@comsenz.com
74,Fernande,112,Human Resources,949-836-8554,ffishbourne21@csmonitor.com
75,Gayla,2591,Training,448-808-1205,gphippin22@japanpost.jp
76,Aubine,361,Business Development,288-975-0736,aedwicker23@dropbox.com
77,Adora,55,Training,885-749-4972,akeable24@nps.gov
78,Gabe,3850,Accounting,876-643-4231,gmairs25@msu.edu
79,Hughie,115,Sales,486-771-4647,hhayzer26@ovh.net
80,Wade,75,Product Management,377-880-5834,whebbs27@4shared.com
81,Reid,574,Accounting,281-274-0453,rsweet28@blogger.com
82,Jule,3800,Engineering,281-835-6255,jorans29@ihg.com
83,Caria,3288,Business Development,468-840-4405,cdeeks2a@myspace.com
84,Andeee,1720,Engineering,470-983-7685,athurling2b@wikispaces.com
85,Garvin,647,Accounting,619-107-2422,gwilber2c@hexun.com
86,Jenica,2790,Training,957-352-9904,jscatchard2d@trellian.com
87,Sibel,97,Research and Development,642-368-8375,sorfeur2e@cdc.gov
88,Cirilo,51,Services,597-320-0580,ccaughan2f@1688.com
89,Ferdie,144,Human Resources,269-494-4742,ftuffey2g@a8.net
90,Ynez,403,Support,773-151-5031,ydeeves2h@behance.net
91,Francene,722,Human Resources,536-988-5525,fphiller2i@pen.io
92,Gae,59,Training,577-962-8018,gluttger2j@uol.com.br
93,Jacquenette,,Services,474-845-7628,jjanu2k@forbes.com
94,Barnabe,3011,Product Management,396-709-4742,bturle2l@geocities.jp
95,Lucien,3510,Accounting,687-235-7181,lconrath2m@illinois.edu
96,Junie,,Services,287-943-5956,jturmell2n@wunderground.com
97,Anatollo,4187,Sales,886-733-6568,awall2o@icq.com
98,Valencia,7284,Marketing,329-937-5657,vweek2p@digg.com
99,Karlotta,9,Legal,898-252-5336,kalden2q@fotki.com
100,Kata,20,Product Management,115-681-0847,kbernardy2r@yahoo.com
101,Michele,818,Product Management,961-434-5618,msuddaby2s@sogou.com
102,Dolli,1531,Support,564-617-2772,ddigance2t@constantcontact.com
103,Nealy,1001,Human Resources,563-419-9993,nsurplice2u@hhs.gov
104,Vera,607,Research and Development,606-883-6353,vstorer2v@unicef.org
105,Paton,174,Training,616-696-4650,ppollendine2w@devhub.com
106,Julienne,58,Human Resources,197-284-1402,jchapell2x@army.mil
107,Ulrika,302,Marketing,890-647-0971,ugreetham2y@yelp.com
108,Benny,193,Research and Development,646-149-4574,bwyson2z@nhs.uk
109,Sharline,6017,Engineering,839-711-7868,sdougharty30@geocities.com
110,Pincas,45,Marketing,985-564-8704,pnaul31@imageshack.us
111,Lianna,2277,Services,497-428-1215,lconahy32@java.com
112,Michele,856,Sales,516-189-1844,mgratland33@pinterest.com
113,Lorant,900,Accounting,595-745-9462,lnacci34@spiegel.de
114,Desiree,5,Sales,731-987-9708,darlett35@ifeng.com
115,Joella,500,Engineering,440-869-1714,jhayhurst36@bloglovin.com
116,Fenelia,24,Engineering,181-915-3033,fellerey37@spiegel.de
117,Willamina,192,Human Resources,168-991-8436,wpowelee38@google.cn
118,Evangelina,2248,Services,288-324-8664,erigardeau39@nature.com
119,Katrina,125,Services,439-186-5600,kmugridge3a@ftc.gov
120,Oona,10804,Support,974-764-4817,oigglesden3b@theglobeandmail.com
121,Llywellyn,57,Support,910-224-0394,lcuffley3c@cbc.ca
122,Hana,,Product Management,672-166-9598,hleband3d@joomla.org
123,Lorin,5778,Human Resources,670-941-7672,ladolfson3e@odnoklassniki.ru
124,Chrisy,277,Engineering,695-994-2344,cschult3f@utexas.edu
125,Monty,243,Research and Development,905-253-3656,mcorben3g@admin.ch
126,Ermanno,37,Engineering,794-726-1860,esexten3h@theguardian.com
127,Rasia,2848,Business Development,994-581-8713,rbotton3i@mac.com
128,Farra,39,Product Management,145-379-6358,fdavage3j@sbwire.com
129,Holly-anne,50,Product Management,276-105-1373,hrivel3k@php.net
130,Malia,56,Product Management,940-385-7900,mlouthe3l@privacy.gov.au
131,Fairlie,1959,Accounting,175-471-2198,fgloy3m@tamu.edu
132,Benni,756,Support,347-743-9411,bhaslocke3n@mtv.com
133,Robinet,148,Human Resources,868-128-7814,rpitrollo3o@apache.org
134,Chane,8,Training,415-970-7269,cottiwill3p@archive.org
135,Ezmeralda,511,Business Development,841-127-1115,etumasian3q@opensource.org
136,Luisa,49,Support,702-209-1305,ldevin3r@java.com
137,Elenore,1096,Research and Development,902-478-7674,emanntschke3s@bing.com
138,Oates,392,Product Management,115-119-5225,orance3t@wp.com
139,Kathryne,1492,Sales,996-547-3925,kvonhelmholtz3u@com.com
140,Judye,10,Sales,367-473-3796,jluciano3v@nhs.uk
141,Connie,2000,Accounting,334-201-5641,cbailess3w@statcounter.com
142,Kellen,236,Legal,463-258-1663,keakin3x@1688.com
143,Glenn,13,Engineering,181-450-2064,gesherwood3y@google.com.au
144,Lida,9,Services,281-972-7023,ldavidwitz3z@google.com.br
145,Electra,653,Human Resources,871-908-3214,ecoot40@quantcast.com
146,Corbett,188,Product Management,949-319-0876,ctrowsdale41@accuweather.com
147,Demetre,5877,Training,795-569-1453,doffiler42@pagesperso-orange.fr
148,Brit,0,Engineering,260-872-1266,bbeesley43@pagesperso-orange.fr
149,Ashley,2600,Legal,470-470-6646,ahayford44@skyrock.com
150,Port,503,Research and Development,817-465-3800,pzamorano45@samsung.com
151,Wrennie,170,Marketing,818-405-9286,wbaptie46@ning.com
152,Shelagh,49,Product Management,307-370-1158,sgerdes47@jigsy.com
153,Henrietta,325,Sales,832-215-9892,hkyllford48@umich.edu
154,Pris,11,Engineering,421-387-0661,podlin49@rakuten.co.jp
155,Aldis,5350,Services,205-342-1958,alomis4a@goo.ne.jp
156,Jamima,9,Business Development,557-236-4352,jpiatek4b@dmoz.org
157,Richmound,,Human Resources,412-876-9249,rscraggs4c@digg.com
158,Lotte,1362,Services,366-257-7383,landrzejowski4d@usa.gov
159,Sascha,77,Human Resources,539-775-5674,scoggeshall4e@twitpic.com
160,Davidson,4423,Research and Development,510-818-7461,dtaplow4f@japanpost.jp
161,Dorise,1258,Marketing,684-881-7460,dsuttaby4g@usnews.com
162,Yard,99,Accounting,675-800-0534,yspir4h@amazon.com
163,Farica,5429,Business Development,235-733-3194,fnewvell4i@toplist.cz
164,Lynea,56,Business Development,380-523-8142,lboyfield4j@angelfire.com
165,Diena,98,Marketing,612-714-3596,ddenham4k@alibaba.com
166,Jessie,41,Support,899-693-1003,jsanja4l@theguardian.com
167,Nathalie,297,Product Management,810-673-0188,nlavington4m@tripadvisor.com
168,Hurlee,7000,Sales,579-455-4896,hjeffree4n@epa.gov
169,Jada,15,Services,503-641-3877,jaksell4o@biglobe.ne.jp
170,Stacee,12,Research and Development,617-366-4697,sstickley4p@yahoo.co.jp
171,Kakalina,230,Services,866-967-5059,kkynder4q@php.net
172,Damon,1515,Legal,216-452-7404,dadamczewski4r@netlog.com
173,Jen,257,Product Management,455-714-3787,jivatt4s@opera.com
174,Diana,15,Sales,980-629-9760,dboxhall4t@deviantart.com
175,Goraud,50,Training,608-153-7921,ggatheral4u@google.it
176,Quincy,1555,Sales,391-750-5352,qkeijser4v@cam.ac.uk
177,Marris,2595,Accounting,658-876-6496,mgallahar4w@studiopress.com
178,Eldredge,2100,Training,153-600-3708,ebourtoumieux4x@google.de
179,Daveta,43,Business Development,756-214-4148,daskin4y@paypal.com
180,Vida,192,Product Management,315-177-0658,vfrisch4z@a8.net
181,Tommie,1709,Legal,696-194-8658,trockhall50@biglobe.ne.jp
182,Ami,33,Engineering,624-849-4671,aknock51@telegraph.co.uk
183,Britni,6227,Services,123-161-0021,bavraam52@naver.com
184,Dyann,2750,Research and Development,424-323-0631,dleall53@uiuc.edu
185,Tuesday,6778,Product Management,115-889-6706,tsthill54@examiner.com
186,Maryanne,48,Research and Development,452-775-1472,mhansom55@hud.gov
187,Kinna,6,Support,495-532-5334,kcraighall56@va.gov
188,Tomlin,375,Marketing,253-604-2202,tcrosston57@ovh.net
189,Gail,1225,Sales,596-474-0720,gtrorey58@comsenz.com
190,Tim,1496,Product Management,402-692-6605,tbilyard59@sourceforge.net
191,Florencia,2828,Product Management,773-303-9445,fkenway5a@cloudflare.com
192,Jaquelin,99,Training,757-181-1415,jmearing5b@ask.com
193,Melisandra,17,Engineering,903-638-3527,mbass5c@storify.com
194,Corene,85,Product Management,533-549-7192,cchristmas5d@plala.or.jp
195,Janean,863,Engineering,797-617-6189,jdiamond5e@fastcompany.com
196,Joline,1276,Training,229-725-7281,jgrocott5f@chicagotribune.com
197,Owen,93,Services,543-647-9749,ojoice5g@blogspot.com
198,Cathryn,1975,Marketing,660-553-2145,cpeidro5h@japanpost.jp
199,Fonz,1008,Product Management,286-121-1604,fjaslem5i@wisc.edu
200,Eda,-70,Training,218-125-9968,eludewig5j@imgur.com
201,Philippa,382,Sales,515-271-5828,pzanicchelli5k@linkedin.com
202,Kelci,1302,Research and Development,886-968-5006,kpenvarne5l@multiply.com
203,Misti,,Services,892-249-0909,msclanders5m@statcounter.com
204,Stafani,98,Engineering,487-665-3598,sallingham5n@census.gov
205,Osgood,2592,Accounting,163-447-8170,owrate5o@uol.com.br
206,Davine,110,Support,108-282-0892,dfido5p@wikia.com
207,Vinson,305,Product Management,426-403-2696,vtutin5q@omniture.com
208,Moses,251,Services,833-231-8779,mmcall5r@foxnews.com
209,Price,5348,Engineering,714-725-8181,pdurran5s@go.com
210,Xena,224,Marketing,656-714-9328,xforgie5t@walmart.com
211,Fraser,16,Marketing,423-348-8810,fody5u@cbslocal.com
212,Karrie,335,Engineering,432-421-0757,krobey5v@google.ca
213,Jorge,9205,Product Management,929-860-3919,jchannon5w@domainmarket.com
214,Garrek,256,Human Resources,766-474-3610,gvaudin5x@timesonline.co.uk
215,Bernita,946,Human Resources,934-269-2527,bhrus5y@about.com
216,Stefano,1245,Engineering,907-635-6674,skirsop5z@plala.or.jp
217,Verna,1784,Research and Development,409-248-0081,vstares60@businesswire.com
218,Melitta,3425,Support,906-838-4465,mwhewell61@ted.com
219,Ingelbert,9,Engineering,262-990-9749,irottery62@alexa.com
220,Dorine,1090,Legal,669-414-8474,dgainor63@nsw.gov.au
221,Shoshana,690,Product Management,556-561-7989,sjenman64@salon.com
222,Gianna,7,Support,544-770-3640,gshepeard65@home.pl
223,Yvon,1442,Product Management,639-342-5466,ydimmne66@baidu.com
224,Buckie,1387,Sales,627-482-3774,bpettifor67@mozilla.com
225,Moise,2494,Research and Development,370-473-0009,mlago68@ehow.com
226,Jennica,7,Business Development,719-599-3497,jgoody69@facebook.com
227,Modestia,2712,Training,897-891-2938,mbroun6a@ezinearticles.com
228,Minne,98,Sales,958-869-8165,mmcinulty6b@unicef.org
229,Mag,256,Legal,310-716-7469,mnarducci6c@google.com.br
230,Deane,171,Research and Development,108-219-4533,dickovicz6d@paypal.com
231,Eward,18,Human Resources,760-440-0775,eivanshintsev6e@usda.gov
232,Guy,247,Legal,353-668-6901,gbrennand6f@vinaora.com
233,Vera,462,Support,582-141-6573,vmacshirie6g@loc.gov
234,Dalia,208,Marketing,382-537-8073,djimpson6h@seesaa.net
235,Rodolphe,2153,Accounting,896-104-7819,rwalling6i@soup.io
236,Berny,5192,Human Resources,522-950-8337,bbarwis6j@pen.io
237,Ludovico,1140,Training,900-463-6541,ldoerr6k@gravatar.com
238,Chloe,56,Services,615-392-7847,clonghorne6l@geocities.jp
239,Van,12,Engineering,135-671-0521,vmckelvey6m@goodreads.com
240,Livia,209,Training,978-870-0245,lbolte6n@washingtonpost.com
241,Isaac,40,Business Development,824-499-2491,ihuff6o@yolasite.com
242,Cristine,9070,Legal,497-674-3711,ckhrishtafovich6p@ehow.com
243,Mahmoud,36,Research and Development,214-113-2970,msimister6q@reverbnation.com
244,Cordelie,300,Support,287-537-1446,cclowney6r@usa.gov
245,Margette,3,Training,277-728-5158,mrabjohn6s@chron.com
246,Osborne,9765,Research and Development,900-258-5474,ocharters6t@springer.com
247,Hestia,2049,Human Resources,987-835-0810,hwheatley6u@hexun.com
248,Demetris,1850,Human Resources,243-846-7801,ddeverose6v@shinystat.com
249,Babb,3782,Support,931-277-9728,bblackman6w@exblog.jp
250,Allissa,3904,Legal,996-908-2516,abrash6x@webmd.com
251,Rosella,224,Sales,508-997-6628,rchessun6y@booking.com
252,Merilee,1240,Training,786-416-3469,mgillio6z@macromedia.com
253,Barret,600,Training,961-707-1560,brove70@linkedin.com
254,Cathrine,,Research and Development,860-621-7548,ccorris71@cmu.edu
255,Udale,157,Support,975-490-1801,umcness72@ycombinator.com
256,David,1831,Business Development,690-431-6512,dedelston73@gravatar.com
257,Rickie,594,Training,273-810-5323,rbristowe74@disqus.com
258,Mandel,750,Engineering,966-412-7944,mquiddihy75@photobucket.com
259,Maura,4593,Engineering,287-417-7432,mjanak76@aboutads.info
260,Ellene,22,Support,754-963-8598,ependleberry77@addtoany.com
261,Hallie,2356,Marketing,535-488-0220,hantonowicz78@soup.io
262,Manda,732,Sales,338-601-9344,mburnel79@weibo.com
263,Ryann,5435,Services,221-985-7466,rlabbey7a@vimeo.com
264,Glenn,1279,Services,760-696-8790,gmcshirrie7b@psu.edu
265,Bamby,315,Marketing,880-414-0324,bgoodwins7c@mapy.cz
266,Fred,2467,Marketing,604-309-2659,fivell7d@redcross.org
267,Chaim,51,Product Management,148-991-2608,cterbrug7e@uiuc.edu
268,Patricio,2270,Research and Development,489-249-6351,pchazotte7f@ebay.co.uk
269,Marvin,194,Product Management,960-498-8822,mperrelli7g@gnu.org
270,Helga,4198,Support,458-138-2850,hheaffey7h@usatoday.com
271,Ellie,15,Product Management,753-141-1375,edunsford7i@is.gd
272,Corrie,4325,Training,377-664-3445,caudsley7j@reddit.com
273,Fiona,124,Accounting,513-126-2513,fmansell7k@live.com
274,Helyn,2940,Engineering,846-372-0649,handriessen7l@plala.or.jp
275,Gena,23,Sales,603-523-0172,greuss7m@foxnews.com
276,Addia,42,Legal,438-248-2382,amccurrie7n@wikimedia.org
277,Walther,179,Business Development,575-320-3289,wbattany7o@cyberchimps.com
278,Nico,6032,Product Management,210-101-5369,nvalenssmith7p@mysql.com
279,Verina,6506,Research and Development,513-714-7758,vblencoe7q@xrea.com
280,Sharl,,Training,314-598-8806,sglanvill7r@example.com
281,Fields,4095,Marketing,971-519-6972,fscranney7s@edublogs.org
282,Rutherford,2697,Research and Development,979-338-8378,rdunlap7t@alibaba.com
283,Gabriela,879,Marketing,155-810-3024,gclayal7u@nationalgeographic.com
284,Eleanor,3100,Training,350-119-4864,egowlett7v@state.tx.us
285,Anica,1500,Engineering,759-978-3421,awalisiak7w@barnesandnoble.com
286,Roseanna,4700,Research and Development,433-559-6127,rglaister7x@princeton.edu
287,Sibylle,112,Legal,312-802-2799,sjuszkiewicz7y@un.org
288,Jean,492,Accounting,715-149-2638,jjaquemar7z@netscape.com
289,Jillian,2050,Sales,736-575-8588,jmoyes80@nifty.com
290,Charisse,24,Marketing,794-669-4859,ccawthery81@sfgate.com
291,Crissy,189,Human Resources,628-968-5751,chunston82@cafepress.com
292,Dillon,79,Business Development,343-133-4478,dcurrey83@wufoo.com
293,Gertie,10,Research and Development,324-564-0947,gflatman84@typepad.com
294,Giacinta,4804,Business Development,613-706-3763,groakes85@slate.com
295,Hersh,410,Research and Development,215-647-1092,hwillavoys86@booking.com
296,Dorisa,541,Human Resources,891-609-5682,dtees87@cam.ac.uk
297,Berkley,74,Research and Development,299-320-9907,bduplantier88@businessweek.com
298,Colet,45,Support,897-645-8562,cstoakes89@si.edu
299,Casar,6,Sales,913-270-4425,ccollar8a@abc.net.au
300,Kris,,Research and Development,433-428-8139,ksnowdon8b@fda.gov
301,Nevins,2703,Sales,721-244-2728,nnuccii8c@cdc.gov
302,Buddie,19,Product Management,551-104-9723,bconrart8d@ted.com
303,Wilow,758,Services,656-978-6536,wtorres8e@nih.gov
304,Josi,4510,Services,774-121-1909,jbirkinshaw8f@pagesperso-orange.fr
305,Lorna,130,Research and Development,168-398-3435,ljaquin8g@ted.com
306,Dunc,42,Human Resources,654-290-4895,dolenov8h@eventbrite.com
307,Ab,170,Legal,857-456-5293,aslany8i@bloglines.com
308,Billye,20,Legal,694-531-7827,bjurca8j@indiatimes.com
309,Kitty,74,Accounting,543-409-9835,kshernock8k@dmoz.org
310,Dun,1808,Marketing,259-768-5668,dlease8l@csmonitor.com
311,Rickey,256,Services,774-382-0972,rrosin8m@geocities.com
312,Eba,721,Business Development,905-410-9664,emontes8n@eventbrite.com
313,Boyd,2,Marketing,775-399-7523,bderoche8o@sakura.ne.jp
314,Roger,634,Accounting,782-574-5633,rellson8p@yolasite.com
315,Lucio,136,Engineering,979-727-7829,lbradmore8q@technorati.com
316,Inger,424,Sales,502-708-5125,itroke8r@uol.com.br
317,Bernadine,1464,Support,640-180-4843,bdakers8s@odnoklassniki.ru
318,Bendite,16,Marketing,214-673-6528,bshrawley8t@topsy.com
319,Fenelia,714,Business Development,910-919-2798,ftudbald8u@time.com
320,Kissee,2989,Training,663-614-3525,khanburybrown8v@bloglines.com
321,Torr,30,Human Resources,408-950-1653,tstollenwerck8w@weather.com
322,Helen,3,Human Resources,771-667-7722,hfrediani8x@sina.com.cn
323,Wendie,137,Human Resources,845-935-2093,wbarson8y@behance.net
324,Casar,1096,Support,826-973-6078,chentze8z@nps.gov
325,Arley,6903,Engineering,627-216-0071,afabri90@de.vu
326,Gerald,88,Support,907-751-5465,gmasterson91@seesaa.net
327,Milzie,7,Business Development,408-763-6557,mbullin92@go.com
328,Sylas,2025,Accounting,950-190-6355,sardern93@who.int
329,Mariam,1345,Sales,792-564-9686,mmassie94@w3.org
330,Minnaminnie,93,Support,783-535-4037,mstores95@google.com.br
331,Sharia,237,Business Development,723-144-4996,sfrosdick96@sogou.com
332,Sioux,3637,Engineering,972-435-7643,swindley97@google.com.au
333,Marcelo,112,Legal,183-237-3064,mnelane98@timesonline.co.uk
334,Aime,1614,Marketing,380-657-5281,asime99@furl.net
335,Arvy,4,Services,901-166-1805,aharden9a@photobucket.com
336,Evered,6190,Accounting,318-520-7527,emabone9b@wsj.com
337,Chet,115,Accounting,445-610-5588,cbenn9c@rambler.ru
338,Imogen,1211,Legal,262-759-4165,ilamborne9d@scientificamerican.com
339,Alverta,121,Support,122-425-3396,ahammerich9e@blogtalkradio.com
340,Lauree,2454,Business Development,147-759-1319,lpavy9f@omniture.com
341,Camey,1640,Services,402-164-7023,cphilippet9g@about.me
342,Katina,132,Accounting,606-890-5963,kjackways9h@smugmug.com
343,Charmain,347,Services,938-715-9669,cingraham9i@eventbrite.com
344,Dede,5057,Legal,993-994-7890,devery9j@xinhuanet.com
345,Silvan,10,Sales,914-313-9089,smcgeneay9k@bizjournals.com
346,Rochella,84,Services,486-921-3177,rjenking9l@istockphoto.com
347,Dodie,3229,Training,617-227-6070,dwoolliams9m@gnu.org
348,Thatcher,1181,Sales,398-270-1712,tkinsett9n@vimeo.com
349,Clive,70,Training,519-599-9169,cbentley9o@theglobeandmail.com
350,Mellicent,25,Training,749-914-4084,mdransfield9p@samsung.com
351,Carmelle,406,Research and Development,671-739-1392,cgalfour9q@auda.org.au
352,Amelia,1545,Product Management,641-590-3499,aligoe9r@jigsy.com
353,Goddard,1100,Training,437-184-0426,gfayne9s@loc.gov
354,Moina,12,Human Resources,114-838-6089,moglesbee9t@cmu.edu
355,Dorolice,269,Human Resources,903-701-0046,dcasillas9u@dmoz.org
356,Noland,29,Support,976-753-1288,nradke9v@hugedomains.com
357,Flynn,5627,Research and Development,798-857-4141,ferrigo9w@xing.com
358,Lillian,628,Support,809-975-5707,ldechastelain9x@uiuc.edu
359,Amandi,1088,Services,773-649-9303,adalmon9y@gizmodo.com
360,Roseline,499,Human Resources,678-436-1204,rsteptowe9z@mac.com
361,Emalia,3816,Services,268-803-1792,etwinea0@smugmug.com
362,Evonne,,Services,458-566-6990,echaisea1@chronoengine.com
363,Kirk,1545,Support,566-377-3607,khildrewa2@who.int
364,Izzy,263,Support,285-208-8448,iyarralla3@com.com
365,Tonie,42,Business Development,917-177-0793,tmerona4@stumbleupon.com
366,Dore,1831,Marketing,814-692-9892,djanuarysta5@craigslist.org
367,Edward,2248,Services,866-215-1382,ehebborna6@hugedomains.com
368,Eldin,790,Business Development,378-509-9593,ebeauchampa7@dion.ne.jp
369,Prinz,446,Human Resources,304-865-2852,pmushrowa8@geocities.jp
370,Connor,300,Legal,566-926-9053,cdanahera9@pbs.org
371,Bertie,130,Human Resources,325-226-7664,bnisetaa@house.gov
372,Ganny,840,Legal,294-575-0609,ghulcoopab@t-online.de
373,Barny,55,Marketing,561-370-2370,bacombac@youtube.com
374,Minna,,Sales,362-555-8215,mgrealeyad@tmall.com
375,Erica,,Marketing,550-603-0246,ebartleyae@homestead.com
376,Silvano,189,Support,317-901-9500,sgroseaf@quantcast.com
377,Aldridge,2697,Training,301-755-5440,areamanag@dailymotion.com
378,Clarie,525,Support,874-615-8565,cgodlontonah@newyorker.com
379,Linette,75,Training,723-662-0830,ldebellai@sfgate.com
380,Annabela,223,Support,229-346-1768,astutaj@about.com
381,Arabella,364,Legal,487-270-8705,atrundellak@nationalgeographic.com
382,Jeanna,5755,Legal,982-243-4453,jdyasal@gizmodo.com
383,Bran,19,Marketing,153-706-5085,bstenbridgeam@marriott.com
384,Staford,142,Marketing,906-628-9268,spayzean@blogspot.com
385,Coleen,156,Sales,842-933-9150,chawfordao@123-reg.co.uk
386,April,16,Sales,182-413-6189,agowlerap@i2i.jp
387,Clare,3350,Research and Development,289-749-5604,cheynelaq@themeforest.net
388,Ines,916,Sales,228-137-6808,ihullockar@nba.com
389,Doretta,5957,Engineering,622-661-4727,dshaudfurthas@java.com
390,Myrwyn,335,Engineering,316-551-1097,mblythat@sbwire.com
391,Mia,280,Training,995-307-4724,mabryau@dailymail.co.uk
392,Alric,30,Product Management,591-464-4859,anutleyav@wiley.com
393,Ynes,22,Services,474-285-7680,ynorburyaw@fema.gov
394,Bree,761,Engineering,308-731-9806,bdanilowiczax@woothemes.com
395,Griffie,883,Training,699-949-0696,ggookeyay@imdb.com
396,Dacey,1526,Training,298-498-1309,dwyrillaz@linkedin.com
397,Darell,315,Engineering,407-717-8381,dwynchb0@unicef.org
398,Sammy,954,Accounting,160-230-1600,sugonib1@latimes.com
399,Analise,100,Product Management,304-343-8300,adempsterb2@cpanel.net
400,Rudolfo,250,Services,547-140-3534,rlanegranb3@pen.io
401,Trula,525,Research and Development,370-818-3043,teilertb4@ocn.ne.jp
402,Andriana,934,Legal,565-749-5195,aandriolettib5@ed.gov
403,Ulysses,70,Services,229-573-1165,uarbuckleb6@dot.gov
404,Dalli,300,Sales,474-898-2201,dgwynb7@xrea.com
405,Jennica,,Training,108-701-6820,jgrabiecb8@telegraph.co.uk
406,Valaree,23,Business Development,985-242-4030,vstarteb9@soundcloud.com
407,Clark,40,Engineering,327-223-2561,cgrigoliba@list-manage.com
408,Gene,200,Legal,580-480-0012,gantushevbb@washingtonpost.com
409,Tedi,1578,Engineering,553-618-4856,trawbc@ovh.net
410,Delcine,0,Marketing,679-584-8986,dpelzbd@eepurl.com
411,Deane,151,Human Resources,406-989-7747,dcustbe@ehow.com
412,Hershel,72,Sales,449-838-0699,hkharchinskibf@japanpost.jp
413,Elsbeth,1387,Training,416-556-2183,epenniallbg@yandex.ru
414,Ceil,282,Training,655-801-3625,cmccuebh@livejournal.com
415,Donaugh,54,Marketing,227-221-4933,ddunckleybi@reddit.com
416,Kayla,658,Services,642-698-8995,ksimionbj@state.gov
417,Yasmeen,648,Product Management,851-737-9108,yberendsenbk@tinyurl.com
418,Natal,347,Services,763-113-0729,nclimsonbl@fastcompany.com
419,Misti,298,Training,944-933-1140,mviviansbm@accuweather.com
420,Norris,312,Human Resources,574-108-5598,nbonerbn@who.int
421,Deidre,177,Marketing,794-611-2154,dburgbo@google.cn
422,Sid,870,Training,315-484-3371,smcilwrickbp@imdb.com
423,Suellen,2423,Business Development,573-633-4323,slaurencotbq@prweb.com
424,Batholomew,595,Business Development,643-864-4776,bivanaevbr@liveinternet.ru
425,Concordia,548,Support,518-863-8919,clongmuirbs@illinois.edu
426,Dorine,2313,Marketing,726-562-9695,dledwichbt@cornell.edu
427,Maryanne,5732,Legal,387-917-5206,mguittebu@friendfeed.com
428,Ado,4,Human Resources,600-722-1159,amcguffogbv@istockphoto.com
429,Alonzo,33,Legal,755-168-2276,akennfordbw@xing.com
430,Candie,630,Accounting,232-542-0608,csponbx@eepurl.com
431,Ingra,677,Services,197-609-6211,ijagsonby@plala.or.jp
432,Derrik,2230,Business Development,877-663-8276,deagellbz@phpbb.com
433,Bord,1574,Human Resources,808-404-3030,bzinckec0@a8.net
434,Robby,1584,Sales,366-581-6912,rborgbartoloc1@artisteer.com
435,Marcie,79,Legal,631-521-2911,mpoultonc2@chronoengine.com
436,Averell,112,Human Resources,303-912-6853,ahaxbyc3@soup.io
437,Thatcher,1969,Services,993-570-2100,tfrangelloc4@chicagotribune.com
438,Bobbee,215,Engineering,612-736-7008,bscreachc5@globo.com
439,Fletch,4497,Engineering,728-787-9180,felcombec6@addthis.com
440,Brooke,1069,Sales,982-369-7724,bjozwikc7@cnet.com
441,Minne,266,Legal,617-597-7360,mtieryc8@craigslist.org
442,Jobina,2195,Human Resources,206-227-3752,jbrachc9@newyorker.com
443,Zorina,,Engineering,519-109-4407,zmillenca@miitbeian.gov.cn
444,Del,72,Human Resources,104-279-4699,dguarincb@princeton.edu
445,Pennie,177,Sales,803-945-3897,pclemenscc@fastcompany.com
446,Gizela,450,Training,212-149-1107,gyanshonokcd@stumbleupon.com
447,Zarla,1918,Sales,490-170-3301,zgotobedce@1und1.de
448,Francesco,3960,Product Management,684-654-7919,fmaxsteadcf@webs.com
449,Jazmin,682,Legal,210-435-0510,jingallcg@addthis.com
450,Arielle,,Legal,206-879-5860,achaikovskich@gizmodo.com
451,Shelagh,332,Marketing,485-605-6369,scharonci@hatena.ne.jp
452,Salome,17,Services,246-417-5265,smeniercj@sphinn.com
453,Chrystel,30,Engineering,329-518-4554,ccapenerck@chicagotribune.com
454,Tory,62,Legal,648-844-8638,tboicecl@facebook.com
455,Stace,564,Legal,301-610-4577,spetrosiancm@etsy.com
456,Vin,256,Engineering,425-986-7358,vfauldercn@senate.gov
457,Wilona,814,Training,688-987-1791,wbartellco@linkedin.com
458,Doris,425,Business Development,872-235-2077,dbegbiecp@dagondesign.com
459,Brittan,374,Business Development,366-349-8083,bhendincq@mediafire.com
460,Clark,3433,Business Development,248-924-0571,cgouldcr@diigo.com
461,Leoine,1673,Engineering,835-571-8339,ldelaperrellecs@cocolog-nifty.com
462,Diane-marie,13,Marketing,780-562-2680,dcrosettoct@miitbeian.gov.cn
463,Wiley,662,Product Management,229-467-9349,wetuckcu@discovery.com
464,Elisabetta,1083,Accounting,228-407-2282,espearmancv@quantcast.com
465,Addie,2546,Training,413-801-6151,amurisoncw@wikimedia.org
466,Elbertina,509,Sales,419-782-8051,eglindecx@aol.com
467,Phaidra,433,Business Development,256-496-9533,protheracy@ning.com
468,Doretta,80,Research and Development,748-393-8108,ddumberellcz@webs.com
469,Maximilian,,Research and Development,795-557-1053,mbayned0@twitter.com
470,Giffer,1604,Human Resources,417-398-7754,gkalaherd1@jiathis.com
471,Nahum,4564,Training,994-295-5476,nrodwayd2@bing.com
472,Paten,515,Research and Development,812-286-9684,pkissickd3@webeden.co.uk
473,Andros,1300,Research and Development,135-218-8888,apapacciod4@dropbox.com
474,Butch,7,Services,795-764-5628,babrashkovd5@time.com
475,Damita,132,Business Development,341-690-4299,dbaseyd6@shareasale.com
476,Dareen,442,Support,905-497-2048,dgingelld7@bloglovin.com
477,Cam,,Product Management,931-691-6585,cetheridged8@ucsd.edu
478,Rabi,36,Support,120-370-5398,rjudged9@gizmodo.com
479,Pattie,981,Sales,855-281-5177,pbroadisda@altervista.org
480,Devland,4382,Marketing,351-101-3867,ddengedb@aboutads.info
481,Marlow,10,Human Resources,661-160-1680,mlindforsdc@kickstarter.com
482,Olva,1585,Business Development,405-960-3941,obarcadd@gizmodo.com
483,Conrad,289,Research and Development,440-101-9938,cduggonde@hatena.ne.jp
484,Alix,295,Accounting,417-379-9501,aboschmanndf@examiner.com
485,Peadar,17,Support,435-934-8410,pelleringtondg@fastcompany.com
486,Ody,3700,Sales,806-504-0948,ovautierdh@yellowpages.com
487,Kellen,65,Human Resources,411-697-3600,kdanherdi@mozilla.com
488,Rodrigo,3346,Services,612-467-3754,rloughdj@is.gd
489,Jocelyne,427,Legal,199-579-7034,jcamossodk@ucoz.ru
490,Arthur,4522,Product Management,653-650-9764,asperedl@google.it
491,Esmaria,70,Accounting,502-536-0211,esivierdm@e-recht24.de
492,Jaclyn,2254,Legal,313-977-5527,jaitkindn@wordpress.com
493,Free,20,Services,567-676-4392,fokeefedo@skyrock.com
494,Karry,771,Services,589-446-3900,kmckeurtondp@hubpages.com
495,Armstrong,3,Product Management,301-206-0141,aattledq@constantcontact.com
496,Brooke,30,Sales,105-347-8900,blegatdr@narod.ru
497,Aurlie,29,Services,515-365-5697,amccaugheyds@amazon.de
498,Toddy,4359,Engineering,250-106-8265,tbirminghamdt@house.gov
499,Clint,540,Legal,774-763-7704,cstorckedu@soundcloud.com
500,Augustine,3963,Engineering,184-913-4692,alasslettdv@gizmodo.com
501,Jemmy,36,Human Resources,388-643-4019,jjuettdw@phpbb.com
502,Huberto,4,Research and Development,318-562-8491,hwhitneydx@mayoclinic.com
503,Sandi,1786,Sales,853-249-5980,smcmasterdy@nhs.uk
504,Constance,462,Training,307-659-9107,cartistdz@washingtonpost.com
505,Griselda,5643,Training,871-688-5280,gbattabeee0@twitpic.com
506,Nickolas,124,Support,378-528-5314,newerte1@upenn.edu
507,Horace,1285,Sales,788-181-4552,hmarushake2@digg.com
508,Keen,75,Marketing,882-385-6263,ksevere3@loc.gov
509,Yancy,47,Training,485-324-7410,ygibbe4@meetup.com
510,Demott,650,Services,211-313-2261,ddudsone5@cnn.com
511,Davide,928,Sales,658-606-7635,ddarrowe6@ucoz.com
512,Skyler,2543,Product Management,135-761-5620,sgiddinse7@feedburner.com
513,Tiffy,,Business Development,400-921-7853,twalsome8@unc.edu
514,Jayme,1390,Research and Development,645-739-7508,jchalfaine9@people.com.cn
515,Leslie,15,Engineering,696-865-4715,lwebsterea@tiny.cc
516,Germain,200,Legal,115-551-4554,gingersoneb@dell.com
517,Monah,25,Product Management,595-410-7907,malenec@cornell.edu
518,Jethro,10,Accounting,198-637-0373,jwanked@weibo.com
519,Ivan,118,Accounting,133-476-3207,iescoffreyee@feedburner.com
520,Matty,1194,Accounting,277-339-2403,melsegoodef@japanpost.jp
521,Levon,441,Research and Development,496-468-2649,lmckeeeg@irs.gov
522,Neille,26,Support,671-371-8520,nginleyeh@salon.com
523,Blake,0,Training,271-518-0040,bjubbei@behance.net
524,Casper,102,Business Development,691-500-6550,ccubberleyej@cmu.edu
525,Elberta,1552,Business Development,843-676-8638,ehubbocksek@constantcontact.com
526,Sim,276,Accounting,743-654-9120,swhieldonel@multiply.com
527,Adriana,1660,Services,504-343-2038,aleaskem@qq.com
528,Elladine,6609,Support,365-716-0837,ekleinholzen@blog.com
529,Catlin,3143,Engineering,605-321-7562,cdillowayeo@nba.com
530,Car,12,Accounting,401-346-6320,csymesep@examiner.com
531,Regina,1077,Marketing,568-351-9016,rgoodingeq@51.la
532,Alexio,100,Accounting,141-106-6451,akiltyer@ameblo.jp
533,Allard,,Support,841-412-0171,ajohantgeses@tamu.edu
534,Tadio,350,Legal,276-372-6896,tlowranceet@typepad.com
535,Trixie,2953,Product Management,201-788-1451,tsummerskilleu@zimbio.com
536,Peggy,,Legal,796-570-9690,pkindeev@reference.com
537,Veradis,91,Product Management,797-239-2843,vangraveew@zimbio.com
538,Kale,1099,Business Development,867-246-2360,kcrowcroftex@cbc.ca
539,Roma,1330,Legal,369-233-3977,riacovuzziey@answers.com
540,Nicky,387,Training,185-971-5904,nparkeyez@tripadvisor.com
541,Eric,652,Human Resources,797-285-3720,eputleyf0@nydailynews.com
542,Cecilla,1631,Services,235-617-2089,chunnybunf1@163.com
543,Rona,3204,Engineering,684-366-1656,rsiblyf2@clickbank.net
544,Standford,2655,Legal,344-419-0279,sheadrickf3@unesco.org
545,Jessamine,23,Business Development,765-326-9061,jdonnf4@hatena.ne.jp
546,Barde,3655,Legal,111-636-4013,bgaleyf5@soup.io
547,Carla,13,Marketing,285-904-8582,ccondonf6@bizjournals.com
548,Montgomery,1056,Training,952-732-9320,mwinwardf7@usatoday.com
549,Theressa,226,Sales,585-566-1897,tbrundillf8@ucoz.ru
550,Payton,10804,Research and Development,273-731-6827,pmacgianyf9@yolasite.com
551,Frederique,89,Training,506-480-7576,fodbyfa@angelfire.com
552,Pincus,10,Marketing,993-508-5886,ppadmorefb@amazon.co.uk
553,Hartley,568,Support,334-357-4444,hmcfaydenfc@elpais.com
554,Trenna,531,Legal,810-641-6283,tdumphryfd@biblegateway.com
555,Kerby,23,Human Resources,395-655-8753,kclemsonfe@webmd.com
556,Cthrine,570,Research and Development,585-816-4562,caylettff@desdev.cn
557,Rolland,377,Marketing,840-112-7110,rryhorovichfg@imageshack.us
558,Alma,659,Training,107-966-7811,ajaimezfh@about.com
559,Gayla,5355,Engineering,995-965-2934,glilfordfi@wired.com
560,Deena,1270,Engineering,884-536-7066,dgrangierfj@photobucket.com
561,Muhammad,0,Sales,392-527-9864,mleasfk@java.com
562,Jennilee,,Support,125-249-6596,jfarrearfl@businesswire.com
563,Tina,18,Legal,690-917-4357,trockinghamfm@ezinearticles.com
564,Pyotr,1083,Accounting,294-980-1822,pbonnysonfn@marriott.com
565,Niall,1388,Services,604-482-3102,npheaseyfo@photobucket.com
566,Brnaby,5000,Accounting,345-841-7661,bcamolettofp@cafepress.com
567,Catha,594,Accounting,137-488-1039,cpauncefootfq@dion.ne.jp
568,Ester,5350,Product Management,309-988-0894,eburganfr@com.com
569,Alonso,,Accounting,858-176-6265,aspikeingsfs@nasa.gov
570,Alessandro,96,Support,617-468-0287,aglentonft@toplist.cz
571,Charmine,1885,Sales,304-338-4964,cwehnerrfu@yellowpages.com
572,Guillermo,168,Product Management,217-158-0318,gastlingfv@elpais.com
573,Legra,3538,Services,741-589-5985,lparisfw@infoseek.co.jp
574,Halli,1137,Sales,211-704-6300,hpomphreyfx@home.pl
575,Fredric,101,Human Resources,590-880-7800,ftonerfy@addtoany.com
576,Tasia,158,Services,984-831-1231,ttidridgefz@utexas.edu
577,Zerk,82,Marketing,645-674-8536,zaxtellg0@devhub.com
578,Martita,56,Support,623-952-3887,mbeamsong1@theatlantic.com
579,Aguste,1060,Marketing,340-270-4665,acasewellg2@plala.or.jp
580,Christean,1198,Research and Development,815-487-0065,canandg3@angelfire.com
581,Helen,2170,Business Development,845-204-4230,hshakespeareg4@redcross.org
582,Laryssa,13,Training,764-233-5848,lhundellg5@shop-pro.jp
583,Marlyn,8,Research and Development,156-130-4356,moferg6@hhs.gov
584,Maxi,6763,Accounting,668-410-3727,marnkeg7@intel.com
585,Izabel,-42,Human Resources,881-354-6725,iclausg8@creativecommons.org
586,Ransell,128,Product Management,650-732-0018,rswiggg9@oracle.com
587,Germana,281,Training,790-515-0429,gstychga@devhub.com
588,Becky,755,Product Management,289-879-9068,bsearsgb@bbb.org
589,Renell,,Legal,508-649-2481,rbendellgc@liveinternet.ru
590,Jemie,53,Accounting,872-759-6905,jconnerrygd@tuttocitta.it
591,Germana,954,Training,129-514-7514,gfollenge@blog.com
592,Fonsie,756,Services,693-527-0649,fnaptinegf@wufoo.com
593,Marjory,411,Accounting,282-417-2549,mmaccaguegg@cocolog-nifty.com
594,Fionnula,49,Sales,299-312-5842,fgioanigh@webs.com
595,Kriste,2571,Sales,781-623-3249,ktasselergi@etsy.com
596,Mahmud,387,Human Resources,387-393-4971,mmyfordgj@rambler.ru
597,Whitman,75,Marketing,860-967-7028,wmaytumgk@comsenz.com
598,Cary,62,Research and Development,174-335-4373,cfullalovegl@cocolog-nifty.com
599,Durand,,Marketing,470-837-0314,dparlourgm@cam.ac.uk
600,Thornton,20,Marketing,732-337-1039,tdomningn@ocn.ne.jp
601,Cammy,2595,Support,421-820-5245,ciacoviellogo@booking.com
602,Devondra,908,Product Management,100-378-7929,dcopnellgp@accuweather.com
603,Vera,3590,Marketing,479-661-5799,vsotworthgq@theatlantic.com
604,Oralia,444,Human Resources,939-804-5438,ocowndengr@unblog.fr
605,Serge,72,Training,539-512-9277,spenkethmangs@gmpg.org
606,Gertrude,2492,Marketing,222-405-5855,gmorotgt@ucsd.edu
607,Neron,295,Support,345-115-4391,nrickwoodgu@dailymail.co.uk
608,Ingra,294,Support,101-407-6783,ifrugiergv@va.gov
609,Blaire,1403,Marketing,968-868-9995,bwharfgw@gmpg.org
610,Averyl,,Engineering,153-937-8171,alamanbygx@bloomberg.com
611,Laney,1531,Accounting,394-522-3137,lrevingtongy@flavors.me
612,Frank,1284,Training,430-457-8793,fjacobsohngz@miibeian.gov.cn
613,Leigh,43,Sales,253-286-3096,ljoskowiczh0@yelp.com
614,Clayton,661,Marketing,476-681-3429,cromainh1@sphinn.com
615,Uta,2226,Human Resources,182-408-3533,uclelleh2@uiuc.edu
616,Faunie,92,Training,909-903-7818,ffishlockh3@webs.com
617,Verena,4225,Marketing,643-858-2900,vghidonih4@pagesperso-orange.fr
618,Lynn,548,Support,308-287-5208,lrodenh5@paypal.com
619,Brigg,679,Support,972-730-1616,bgiraldonh6@samsung.com
620,Corly,4225,Legal,964-838-9293,cpookh7@goo.ne.jp
621,Pen,4941,Accounting,646-306-7982,puridgeh8@posterous.com
622,Mariellen,1379,Business Development,567-316-3819,mposchelh9@clickbank.net
623,Robina,17,Services,800-773-3785,rkeyhoeha@howstuffworks.com
624,Claire,75,Training,544-459-8497,cgallagherhb@1688.com
625,Galven,3,Sales,758-506-9768,glimeburnerhc@cbc.ca
626,Ethelbert,30,Research and Development,769-748-5198,esethhd@list-manage.com
627,Morgana,5750,Research and Development,594-843-0533,mchasterhe@nytimes.com
628,Kassia,630,Business Development,279-392-8185,kcanohf@intel.com
629,Waiter,980,Services,518-670-5262,wfairbankhg@ning.com
630,Herminia,33,Product Management,459-327-3312,hsmithhh@zdnet.com
631,Steffane,520,Services,790-596-4789,shawtreyhi@usda.gov
632,Dani,1008,Support,936-245-9310,dfrancescozzihj@sphinn.com
633,Sidonia,477,Marketing,352-763-6918,schetterhk@merriam-webster.com
634,Libbi,741,Services,450-544-7768,lremerhl@blog.com
635,Becca,50,Services,652-760-1666,bklimkehm@ucsd.edu
636,Heinrik,,Services,625-733-4339,hhounsomhn@answers.com
637,Beltran,709,Legal,551-485-7124,bfladeho@ftc.gov
638,Heloise,266,Research and Development,468-578-1308,htyerhp@uiuc.edu
639,Zelig,41,Human Resources,443-674-2922,zhayzerhq@hp.com
640,Olin,6890,Product Management,280-984-0560,ooxfordhr@uiuc.edu
641,Merridie,2039,Product Management,894-102-0730,mtasselerhs@yellowbook.com
642,Burty,13,Engineering,226-403-9674,bspurginht@flavors.me
643,Elane,87,Sales,280-546-9520,eloncasterhu@indiatimes.com
644,Neysa,216,Support,632-913-9956,ndruelhv@soundcloud.com
645,Caesar,63,Engineering,213-529-1046,cshaylorhw@com.com
646,Chandra,473,Accounting,213-957-5739,crizzonehx@yahoo.co.jp
647,Jacinta,505,Accounting,238-156-0476,jcaustichy@shop-pro.jp
648,Louie,,Legal,891-646-1460,lhobbemahz@google.co.uk
649,Loutitia,839,Accounting,921-208-0868,lbarteleti0@github.com
650,Geno,65,Support,589-363-2669,gdecourti1@lulu.com
651,Ransom,1378,Business Development,592-171-6643,rbloxami2@spotify.com
652,Leah,3337,Business Development,601-461-0949,ltrowi3@kickstarter.com
653,Waring,6800,Engineering,142-691-3162,wbastablei4@163.com
654,Vail,859,Sales,953-572-4976,vciottoi5@seesaa.net
655,Ranique,65,Engineering,924-682-3025,rchurchilli6@cnbc.com
656,Mace,173,Accounting,528-972-6618,mpaylori7@patch.com
657,Vida,1098,Accounting,883-384-8653,vsimnetti8@amazonaws.com
658,Dud,5954,Business Development,155-445-9275,dnendi9@nih.gov
659,Gery,643,Engineering,421-923-3399,gzoreneria@spiegel.de
660,Stephine,1144,Product Management,906-493-1832,sbenyanib@weebly.com
661,Lurlene,1723,Sales,801-697-7911,lebbrellic@gizmodo.com
662,Alli,97,Research and Development,676-399-8704,acasboltid@nsw.gov.au
663,Lilly,2047,Research and Development,712-623-7867,ladsheadie@boston.com
664,Rosa,2201,Human Resources,728-152-4031,rcessif@weibo.com
665,Alvin,5403,Sales,995-377-4780,agoldbergig@ox.ac.uk
666,Kitty,130,Accounting,779-362-9020,kbysouthih@dot.gov
667,Rafaela,2885,Engineering,660-615-9259,rgirardettiii@ocn.ne.jp
668,Gleda,146,Human Resources,976-840-2719,ggagieij@free.fr
669,Freddie,427,Services,392-802-3680,fgierhardik@aboutads.info
670,Parrnell,15,Marketing,663-710-2084,plaxsonil@miitbeian.gov.cn
671,Cirillo,3176,Business Development,366-330-5885,cturfinim@geocities.jp
672,Matty,4968,Human Resources,452-828-4346,mfurmstonin@dailymail.co.uk
673,Wendi,18,Training,321-599-6966,waschio@myspace.com
674,Vasili,13,Training,966-892-1034,vriquetip@yahoo.co.jp
675,Hew,291,Human Resources,395-332-6245,hsearliq@oakley.com
676,Elsy,3463,Human Resources,314-121-7220,etrundellir@columbia.edu
677,Gunter,2080,Research and Development,156-874-5881,gpiddockeis@seesaa.net
678,Philippine,2000,Sales,288-626-2349,prubinchikit@g.co
679,Amalie,334,Legal,315-488-3561,anergeriu@freewebs.com
680,Lucilia,140,Sales,758-277-9614,lhutchingsiv@cloudflare.com
681,Deeann,433,Training,411-644-1456,drigardiw@exblog.jp
682,Vonni,2573,Human Resources,901-322-7036,vkemmisix@g.co
683,Celeste,327,Marketing,283-337-2196,cdantuoniiy@sbwire.com
684,Wiley,70,Support,682-435-8795,wsylettiz@sohu.com
685,Adore,,Product Management,656-769-2565,aboxhillj0@washington.edu
686,Reg,141,Sales,965-357-4159,rhaworthj1@aol.com
687,Bria,351,Accounting,365-332-3275,brawsthornej2@pen.io
688,Janette,206,Engineering,441-392-3930,jgealej3@jimdo.com
689,Skye,121,Accounting,680-361-5073,stripej4@w3.org
690,Ariana,7,Research and Development,502-315-7087,ajuaresj5@indiatimes.com
691,Toiboid,13,Human Resources,361-385-4757,tgravellsj6@acquirethisname.com
692,Katharyn,125,Support,344-764-4799,ksorrellj7@sciencedaily.com
693,Suki,217,Marketing,810-610-5569,sgoszj8@sakura.ne.jp
694,Karlee,184,Engineering,609-657-0468,kashforthj9@springer.com
695,Rosella,1324,Services,372-169-7315,rbartheletja@geocities.jp
696,Marylinda,489,Product Management,559-987-1615,mhainningjb@gnu.org
697,Colleen,198,Training,822-585-8842,cbeauchampjc@wunderground.com
698,Aggi,462,Accounting,756-489-7749,ayanelejd@webmd.com
699,Tamara,16,Business Development,738-118-6799,tblowenje@wiley.com
700,Gauthier,4150,Marketing,172-733-5733,grabbittsjf@wsj.com
701,Gwendolin,1512,Services,198-770-8127,gwildejg@php.net
702,Isidora,306,Engineering,193-388-9547,idaddjh@sina.com.cn
703,Tedda,3245,Human Resources,946-781-9759,tdanielskiji@merriam-webster.com
704,Krystle,1346,Accounting,464-220-3159,kmenloejj@squidoo.com
705,Frants,29,Legal,379-907-8365,fclemenzajk@goo.gl
706,Gordie,663,Support,563-329-2228,gmeadowcroftjl@privacy.gov.au
707,Ginny,38,Accounting,793-514-8543,gvidlerjm@archive.org
708,Merrielle,23,Support,178-628-0562,mallansjn@mlb.com
709,Heddie,253,Services,127-513-8421,hbazleyjo@netlog.com
710,Ab,3880,Accounting,907-567-0264,aclynmanjp@washingtonpost.com
711,Catie,121,Product Management,231-284-8209,cmynardjq@cloudflare.com
712,Baxter,6,Product Management,196-858-5992,bbakhrushkinjr@addthis.com
713,Darla,19,Business Development,280-273-2365,dkirdschjs@youtu.be
714,Shurlock,7316,Support,795-434-2014,sbenkhejt@constantcontact.com
715,Gina,476,Human Resources,380-610-3409,ghamerju@ox.ac.uk
716,Micki,10,Marketing,654-619-3153,mstrongitharmjv@photobucket.com
717,Glyn,173,Training,759-911-8443,gtippingsjw@goodreads.com
718,Ernesta,124,Business Development,937-468-0803,eperrittjx@mediafire.com
719,Veriee,2008,Services,457-509-7207,vhullejy@reuters.com
720,Monika,869,Sales,650-485-5377,mspadarojz@ucla.edu
721,Marketa,2749,Human Resources,670-199-1039,mcampak0@newsvine.com
722,Bobbye,495,Product Management,217-731-3666,bhuffyk1@businessweek.com
723,Linzy,1087,Engineering,813-770-2732,lskillingsk2@twitpic.com
724,Gillian,226,Human Resources,140-728-6404,gcriplek3@ebay.co.uk
725,Valaria,560,Services,614-845-9784,vjaquissk4@utexas.edu
726,Sibylla,95,Research and Development,401-138-1930,seringtonk5@google.de
727,Aura,1522,Services,287-352-4014,alohdenk6@moonfruit.com
728,Ilise,1697,Accounting,882-700-0366,idodwellk7@privacy.gov.au
729,Wynn,15,Services,984-445-0055,whanwrightk8@meetup.com
730,Elmira,622,Accounting,585-249-2063,episcopiellok9@google.es
731,Serene,1870,Human Resources,753-380-0957,sjeanequinka@last.fm
732,Jilli,3800,Services,594-779-6071,jabramovitzkb@cyberchimps.com
733,Ragnar,181,Accounting,855-320-3143,rgodwynkc@samsung.com
734,Krisha,77,Engineering,307-578-9680,kfeareskd@hud.gov
735,Wendye,5153,Product Management,658-814-9309,wmeekingske@cnn.com
736,Amelina,558,Legal,895-385-2596,ascarrisbrickkf@apple.com
737,Johnnie,6050,Marketing,918-199-6965,jscandrootkg@technorati.com
738,Barth,684,Business Development,352-887-8222,bmcwilliamkh@ft.com
739,Sonny,13,Sales,303-769-9791,seatonki@archive.org
740,Schuyler,16,Engineering,984-338-7946,sfontkj@rediff.com
741,Vinni,2473,Business Development,539-639-7608,vaggskk@blogger.com
742,Goran,323,Support,166-510-4481,gbrognotkl@pinterest.com
743,Gizela,88,Research and Development,499-867-1904,gmileskm@google.com.hk
744,Carmina,393,Training,936-498-6488,cmarshamkn@hibu.com
745,Ida,12,Marketing,600-803-5615,ihailko@macromedia.com
746,Arlee,,Marketing,932-186-8412,agallegokp@apache.org
747,Marcus,33,Legal,174-500-3362,mrylandskq@amazonaws.com
748,Cilka,5082,Research and Development,197-772-9159,cklimaszewskikr@theguardian.com
749,Sergio,132,Services,179-301-0882,smorfieldks@prweb.com
750,Henderson,3637,Business Development,918-385-0811,hpersickekt@google.cn
751,Richie,7630,Support,601-308-4456,rleftlyku@google.ca
752,Jaimie,900,Human Resources,423-873-4305,jwalthokv@indiegogo.com
753,Sharleen,345,Training,643-100-0398,salwellkw@seesaa.net
754,Lambert,3770,Business Development,806-532-2188,lhallattkx@arstechnica.com
755,Barbra,0,Business Development,208-977-8899,bengleyky@fotki.com
756,Bay,1176,Business Development,393-477-1906,bwightmankz@rakuten.co.jp
757,Gretel,118,Training,588-973-4404,gpacittil0@ezinearticles.com
758,Bev,7,Research and Development,435-343-6878,bzamoranol1@cbsnews.com
759,Lira,1214,Sales,511-466-1720,lnaismithl2@theglobeandmail.com
760,Cindelyn,1709,Research and Development,570-789-2224,cjenteaul3@wordpress.org
761,Arlen,193,Accounting,608-803-9413,abraddenl4@microsoft.com
762,Carmella,71,Product Management,184-911-1806,cquerreel5@senate.gov
763,Marietta,93,Human Resources,745-943-5219,mreinhardtl6@deviantart.com
764,Wye,55,Training,721-749-3025,wserverl7@oakley.com
765,Caro,101,Accounting,370-261-2633,ccoursl8@ft.com
766,Vania,675,Research and Development,161-329-7597,vayshfordl9@csmonitor.com
767,Barton,580,Product Management,456-419-8405,bcrainla@marriott.com
768,Steward,,Training,252-848-8249,ssaunierlb@typepad.com
769,Devan,484,Services,397-727-2187,djestelc@eventbrite.com
770,Katey,46,Services,748-742-1931,kpuffettld@businessinsider.com
771,Sosanna,1092,Engineering,634-214-9010,sbartosekle@hhs.gov
772,Trevar,13,Support,118-571-0040,tellicocklf@tinyurl.com
773,Neils,1353,Legal,375-803-2197,nbiggerdikelg@yahoo.co.jp
774,Marthe,4631,Services,148-154-1419,mwetherburnlh@shop-pro.jp
775,Morganne,1978,Research and Development,588-129-4124,mrowcastleli@zdnet.com
776,Bernadette,1181,Marketing,999-256-7821,bknowlmanlj@ftc.gov
777,Sean,460,Research and Development,243-640-3632,svaloislk@sfgate.com
778,Lynnelle,90,Accounting,684-554-9385,loneillll@wp.com
779,Priscilla,297,Support,853-624-3903,pfalloweslm@accuweather.com
780,Bastian,450,Accounting,467-174-3478,bantognazziln@reuters.com
781,Agnella,26,Accounting,555-174-0542,amckeelo@arstechnica.com
782,Mae,4045,Training,665-835-3791,modwyerlp@yelp.com
783,Earl,790,Legal,212-592-7219,erugerlq@google.co.uk
784,Tiffie,1371,Training,904-610-6402,tweldenlr@yandex.ru
785,Jacquie,4505,Services,709-346-8804,jflecknessls@g.co
786,Arny,6971,Marketing,146-619-5407,aabreheartlt@cdbaby.com
787,Matthus,57,Training,900-129-5021,mrawdaleslu@webeden.co.uk
788,Tanny,1478,Legal,730-358-3576,tlancleylv@sourceforge.net
789,Fawnia,3373,Engineering,321-987-1373,fyessonlw@skype.com
790,Katinka,108,Research and Development,883-627-7013,kkilliamlx@flickr.com
791,Philipa,2287,Training,267-175-6169,prawlisonly@tinypic.com
792,Son,39,Business Development,799-131-7722,sjennicklz@privacy.gov.au
793,Elset,17,Services,393-303-7790,evandermarkm0@ning.com
794,Clarice,1036,Services,460-978-2842,cbiskupm1@google.com.au
795,Tedra,340,Services,614-157-6581,tpotkinm2@taobao.com
796,Halli,1387,Marketing,912-259-1786,hverteym3@shareasale.com
797,Cati,265,Sales,432-505-8081,chearlm4@wikimedia.org
798,Ruprecht,1112,Legal,253-166-8920,rstorresm5@digg.com
799,Winny,790,Research and Development,543-752-0280,wedwardesm6@soundcloud.com
800,Lisha,4541,Research and Development,971-783-9998,lvardiem7@studiopress.com
801,Benji,28,Engineering,173-918-0625,bcoppm8@si.edu
802,Jo-ann,1985,Legal,457-293-3706,jcookem9@constantcontact.com
803,Durant,30,Services,838-173-6066,dcopcotema@icio.us
804,Evelina,822,Training,702-864-9018,eadamekmb@wordpress.org
805,Darsey,115,Support,570-534-8746,dkennaghmc@altervista.org
806,Trudie,826,Product Management,560-731-4350,tdougillmd@biblegateway.com
807,Cloris,66,Marketing,593-714-4605,chellekerme@deviantart.com
808,Kerstin,45,Training,196-465-1120,kswitlandmf@storify.com
809,Geralda,,Business Development,387-539-6866,gridlermg@webs.com
810,Shaine,1027,Training,106-346-8171,swalewskimh@ebay.co.uk
811,Shalna,4412,Accounting,566-497-8434,shamlinmi@shinystat.com
812,Marshal,71,Marketing,563-177-8454,mcokaynemj@wp.com
813,Bertram,860,Human Resources,655-417-2795,balvesmk@mapquest.com
814,Grier,550,Business Development,246-795-6183,gsambidgeml@networkadvertising.org
815,Judy,15,Legal,560-974-7718,jtrenholmemm@mlb.com
816,Helena,43,Human Resources,464-365-9529,hballmn@smugmug.com
817,Halley,66,Services,635-621-6865,hlucksmo@adobe.com
818,Eimile,,Engineering,194-621-7668,ebernardtmp@foxnews.com
819,Ruperto,1406,Legal,334-520-4522,rminghimq@earthlink.net
820,Catharina,,Engineering,686-983-3669,chendermr@smugmug.com
821,Vinni,1069,Human Resources,711-388-8881,vnotleyms@nih.gov
822,Corina,978,Accounting,623-110-6655,cdehooghmt@addtoany.com
823,Winslow,,Research and Development,657-320-0857,wboylandmu@nyu.edu
824,Marice,328,Human Resources,427-424-9208,mtitcumbmv@barnesandnoble.com
825,Gothart,20,Support,240-472-1429,gheseymw@bravesites.com
826,Fallon,1531,Accounting,545-752-5669,fhurlmx@army.mil
827,Andreana,,Legal,538-782-4719,anucatormy@multiply.com
828,Bobbie,,Engineering,855-238-8619,bbamlettmz@wikimedia.org
829,Tildi,126,Marketing,199-338-0741,tgoldsbroughn0@google.com.au
830,Victoria,427,Legal,882-431-1488,vdoakn1@java.com
831,Nettie,768,Marketing,117-986-2756,nkobierieckin2@kickstarter.com
832,Harriott,10,Training,443-998-2865,hnorrien3@google.fr
833,Burton,86,Business Development,277-964-5963,bringen4@mayoclinic.com
834,Temple,1555,Training,382-467-3025,tpresnalln5@discuz.net
835,Isabeau,13,Training,870-606-1701,iradmern6@wikimedia.org
836,Weston,83,Sales,431-969-6085,wmactrustyn7@bandcamp.com
837,Frankie,75,Legal,428-452-3583,fsummergilln8@aboutads.info
838,Tammie,,Training,142-658-8220,tsandyn9@webnode.com
839,Danna,22,Training,936-701-2797,ddounbarena@is.gd
840,Inga,240,Accounting,608-387-2029,ibonavianb@cocolog-nifty.com
841,Ethelin,1520,Business Development,822-946-0392,epaweleknc@slideshare.net
842,Alysa,130,Support,259-548-1255,afainnd@apache.org
843,Niven,435,Human Resources,630-746-5366,nmanskene@ed.gov
844,Misti,819,Research and Development,732-795-1725,mbrosionf@nbcnews.com
845,Sheffy,15,Support,144-152-0669,sjandakng@live.com
846,Stefa,2591,Support,504-764-4649,sbrophynh@cnn.com
847,Howard,456,Business Development,189-466-7318,hnethercottni@rediff.com
848,Moreen,5954,Research and Development,433-592-6446,mkilgannonnj@newyorker.com
849,Billie,27,Business Development,798-858-1092,btowndrownk@alexa.com
850,Starla,1651,Legal,993-904-1315,sphipardshearsnl@goo.gl
851,Marlo,89,Training,588-467-4525,mdevauxnm@sciencedirect.com
852,Adelheid,837,Human Resources,236-145-3938,abuzzann@auda.org.au
853,Dru,2546,Product Management,817-703-6736,ddavisno@feedburner.com
854,Stefania,361,Services,498-747-7787,scarrennp@prnewswire.com
855,Tabbitha,59,Marketing,600-335-6394,tcoddringtonnq@cornell.edu
856,Dukey,0,Marketing,348-815-2287,dtorrenr@cdbaby.com
857,Linnea,106,Services,569-526-1224,ljohnstonns@mozilla.org
858,Rakel,677,Engineering,357-265-1911,rswepsonnt@51.la
859,Kayley,7095,Business Development,604-304-4758,ktarlingnu@prnewswire.com
860,Helyn,155,Services,196-341-1078,hgauchnv@europa.eu
861,Celestyna,1379,Marketing,909-508-1835,cclementelnw@wp.com
862,Mirilla,294,Training,201-895-4837,mcorrnx@mit.edu
863,Hana,1036,Marketing,534-877-3721,hhiddyny@studiopress.com
864,Lita,80,Marketing,985-394-7536,ljowersnz@over-blog.com
865,Hernando,5800,Training,394-207-4315,hfearnehougho0@oaic.gov.au
866,Kizzee,896,Legal,845-207-3877,kbartrapo1@cmu.edu
867,Franchot,699,Product Management,612-190-2806,fscampiono2@nhs.uk
868,Anny,925,Accounting,210-315-0549,abarrando3@theguardian.com
869,Janean,594,Business Development,467-243-2007,jpeachmento4@walmart.com
870,Sheena,220,Training,417-982-7358,smoorcrafto5@themeforest.net
871,Michail,810,Support,543-270-8311,mdupreyo6@state.gov
872,Dav,,Training,818-523-5557,dgregorattio7@msn.com
873,Margaret,5200,Sales,330-209-3379,mjahnigo8@so-net.ne.jp
874,Roma,748,Training,374-903-6817,rmorcho9@msn.com
875,Jaquelyn,837,Training,305-524-1089,jverrechiaoa@baidu.com
876,Garrik,0,Business Development,309-191-7086,gpyecroftob@slate.com
877,Chas,217,Research and Development,618-872-7052,ctrathanoc@typepad.com
878,Valentin,2581,Business Development,194-228-4543,vscotchmoreod@plala.or.jp
879,Crystal,2661,Training,154-375-3215,clavertyoe@fc2.com
880,Verile,477,Support,430-207-3240,vbenedidickof@go.com
881,Yolane,4261,Support,621-475-5708,ymarcusog@nymag.com
882,Susana,961,Training,357-200-8806,sheathfieldoh@amazonaws.com
883,Jesse,121,Accounting,121-427-5856,jlippiettoi@unesco.org
884,Rustin,1730,Research and Development,465-470-8280,rmckertonoj@ehow.com
885,Maudie,4804,Training,549-461-1144,mwhilderok@amazon.co.jp
886,Llewellyn,644,Accounting,143-778-2284,ljanderaol@mapquest.com
887,Nelie,105,Research and Development,683-887-3511,nfugeom@ask.com
888,Jamison,145,Product Management,447-856-0272,jmawfordon@github.io
889,Bernadina,15,Legal,276-851-2150,bfalkneroo@youtube.com
890,Jilleen,20,Sales,582-663-5553,jprandinop@unc.edu
891,Peterus,59,Sales,463-306-2658,pfeildenoq@g.co
892,Noah,2547,Training,239-547-9460,nmaslinor@google.ru
893,Netty,15,Training,920-572-0440,nwessellos@trellian.com
894,Meridith,7,Business Development,698-643-6137,melenot@thetimes.co.uk
895,Mellie,3756,Training,846-518-0662,mdarwenou@blog.com
896,Leta,6264,Engineering,486-424-0530,llewtyov@a8.net
897,Gloria,2461,Services,672-531-7290,gmccuishow@home.pl
898,Tove,1325,Sales,351-167-0057,tdillamoreox@ebay.com
899,Harrie,242,Business Development,831-878-7406,hhazelloy@slate.com
900,Zachariah,1002,Marketing,255-880-8963,zpotticaryoz@sourceforge.net
901,Maxi,141,Sales,932-409-3585,msidryp0@w3.org
902,Marcela,6690,Human Resources,360-783-4154,mmcconigalp1@thetimes.co.uk
903,Tamarra,760,Support,381-747-5277,tfoulkesp2@techcrunch.com
904,Dyane,13,Support,884-287-7993,darkcollp3@cargocollective.com
905,Pyotr,845,Business Development,767-406-7529,pisgatep4@sun.com
906,Elsey,2188,Human Resources,941-291-2954,ederobertp5@bizjournals.com
907,Siouxie,141,Legal,718-162-9801,sfidoep6@biblegateway.com
908,Fayette,22,Research and Development,252-448-7408,fdavittp7@sfgate.com
909,Tedie,846,Human Resources,423-782-6056,tkubachp8@yandex.ru
910,Audrie,105,Business Development,272-168-8585,aibanp9@wikimedia.org
911,Linnea,49,Training,750-747-4490,lmurricanespa@umn.edu
912,Lambert,102,Training,541-696-4316,lropppb@youku.com
913,Alva,238,Product Management,631-425-1684,abarltroppc@amazonaws.com
914,Babbie,0,Engineering,437-384-1885,bbiggampd@sbwire.com
915,Ric,198,Training,116-452-4398,rdiggellpe@marriott.com
916,Christian,4215,Product Management,952-452-4582,ccarefullpf@digg.com
917,Sherilyn,4796,Accounting,805-120-2489,sberenspg@fastcompany.com
918,Ainsley,364,Product Management,767-529-5006,aschneidauph@ucoz.com
919,Abey,95,Product Management,229-737-7853,apulbrookpi@mozilla.com
920,Colette,172,Business Development,658-956-1719,cconvillepj@ask.com
921,Dionysus,1847,Product Management,366-268-2750,dryanpk@shop-pro.jp
922,Aksel,92,Marketing,904-106-3279,agouckpl@howstuffworks.com
923,Bentlee,6959,Business Development,979-145-4568,bwalheddpm@123-reg.co.uk
924,Mariejeanne,20,Sales,938-699-7880,msyrattpn@toplist.cz
925,Christie,1922,Support,439-232-7518,cblundanpo@nhs.uk
926,Riley,120,Engineering,912-481-7656,rhoffmanpp@vk.com
927,Anthia,8,Accounting,297-150-1763,aocarneypq@php.net
928,Guenna,,Support,988-811-4712,gpurplepr@toplist.cz
929,Keelby,178,Support,116-363-8860,khauckeps@mashable.com
930,Virge,17,Services,279-111-2368,vantonovicpt@eepurl.com
931,Daphna,4,Human Resources,839-532-7704,dhannanpu@odnoklassniki.ru
932,Cate,568,Engineering,543-880-3410,cbonnesenpv@tmall.com
933,Diann,170,Human Resources,247-594-3111,dterzzapw@sogou.com
934,Jedd,753,Engineering,771-638-9683,jmaccaughenpx@simplemachines.org
935,Augusta,5,Legal,842-234-1238,adevillepy@dyndns.org
936,Irina,,Training,359-791-8463,imillimoepz@cdc.gov
937,Georgetta,3480,Research and Development,524-642-9811,gsandlinq0@google.ca
938,Josselyn,26,Business Development,112-132-2130,jtreadgearq1@msu.edu
939,Janey,6,Product Management,785-970-4762,jewensq2@fema.gov
940,Haily,290,Services,574-892-4536,hfinesq3@diigo.com
941,Tildie,94,Marketing,797-598-0714,tlarvorq4@list-manage.com
942,Pansy,71,Human Resources,191-464-6690,pbricknellq5@illinois.edu
943,Timotheus,144,Engineering,145-786-8752,tlaxtonq6@bloglovin.com
944,Angeli,4364,Research and Development,446-999-0829,amccarthyq7@tinyurl.com
945,Nonie,2750,Accounting,772-513-6531,ngerritzenq8@admin.ch
946,Cathrine,699,Support,921-360-8320,chearseyq9@businessinsider.com
947,Martica,21,Marketing,563-753-6569,mhonischqa@wordpress.org
948,Immanuel,1949,Legal,889-514-7644,itokellqb@opensource.org
949,Caresa,30,Marketing,812-866-3440,cmebesqc@bloomberg.com
950,Darrell,1435,Sales,969-974-8513,dwillmottqd@prlog.org
951,Nevile,33,Human Resources,531-351-9033,nmuckleqe@seattletimes.com
952,Timothee,906,Support,955-394-8040,tmcpeiceqf@fotki.com
953,Marlie,392,Marketing,241-736-8038,mblowickqg@disqus.com
954,Maryanna,98,Business Development,748-645-7802,mpavlovicqh@lulu.com
955,Domenico,451,Accounting,324-757-0018,dastieqi@cdbaby.com
956,Reinold,7080,Engineering,874-905-5527,rlambollqj@buzzfeed.com
957,Celka,2124,Marketing,846-858-3852,cmccombqk@census.gov
958,Cate,6,Engineering,610-145-3808,cstodartql@cpanel.net
959,Zsazsa,2133,Engineering,394-727-9714,zphilippardqm@drupal.org
960,Stoddard,53,Legal,221-179-9150,sricsonqn@spiegel.de
961,Wally,135,Product Management,894-520-3888,wmurisonqo@mit.edu
962,Vania,8530,Business Development,534-701-9514,vambrosoliqp@icio.us
963,Brent,27,Engineering,828-146-7636,bdanceqq@ebay.com
964,Rem,433,Legal,448-358-4279,rminearqr@facebook.com
965,Eydie,446,Support,812-303-6202,ejacobszqs@elpais.com
966,Brandice,1789,Legal,274-479-5013,bfashionqt@harvard.edu
967,Danyelle,404,Marketing,336-919-6336,dsapsedqu@example.com
968,Frederick,53,Sales,483-402-9681,fcussqv@salon.com
969,Danette,241,Training,126-228-6601,drichterqw@skyrock.com
970,Baird,-164,Marketing,384-174-5588,bfuenteqx@wikimedia.org
971,Wiley,791,Product Management,308-587-9616,wdixceyqy@timesonline.co.uk
972,Cameron,1726,Sales,839-471-2233,ctwamleyqz@guardian.co.uk
973,Betsy,1572,Engineering,418-495-4774,bchristophersr0@arstechnica.com
974,Amelia,24,Business Development,400-458-1532,asestonr1@pinterest.com
975,Bentlee,10,Sales,640-740-5377,bbettenayr2@histats.com
976,Garret,6882,Support,155-457-5709,gwigfallr3@whitehouse.gov
977,Shalna,156,Support,413-471-0128,screechr4@bloomberg.com
978,Ddene,125,Product Management,395-119-7821,dcromartyr5@nyu.edu
979,Skipp,1710,Legal,349-411-8763,sfreezorr6@tinyurl.com
980,Hammad,630,Research and Development,133-558-8285,hreanr7@ocn.ne.jp
981,Devonne,309,Product Management,193-450-1156,dgethingr8@constantcontact.com
982,Emmery,612,Accounting,367-286-9411,esidebottomr9@fc2.com
983,Keeley,1390,Product Management,589-686-2020,khuccabyra@topsy.com
984,Malena,179,Legal,205-911-7514,mcolquyterb@redcross.org
985,Shoshanna,1549,Support,149-426-5511,spattesallrc@networkadvertising.org
986,Alexandros,344,Training,757-151-8976,acolloprd@mysql.com
987,Gibbie,128,Research and Development,214-198-2625,glordenre@eventbrite.com
988,Kienan,1063,Services,540-335-2744,kdormandrf@gmpg.org
989,Jenifer,1503,Business Development,645-950-4724,jsambedgerg@pcworld.com
990,Arlena,1069,Engineering,845-454-7641,aedmondsrh@webnode.com
991,Clemens,771,Accounting,454-785-6154,cbulgenri@eventbrite.com
992,Mala,20,Business Development,969-476-9139,mdaggerrj@go.com
993,Sande,40,Human Resources,666-982-3660,ssweetzerrk@ftc.gov
994,Ted,424,Marketing,849-676-1423,tdunanrl@gov.uk
995,Janice,4900,Accounting,937-140-8382,jraspelrm@google.nl
996,Quint,130,Business Development,144-250-6916,qkorpolakrn@fastcompany.com
997,Sherry,2172,Support,202-611-0964,sdearyro@g.co
998,Ilaire,397,Business Development,399-134-9103,ibuckenhamrp@kickstarter.com
999,Di,62,Marketing,498-118-6642,dpagerq@shareasale.com
1000,Marna,4849,Support,544-241-7779,mfairyrr@wiley.com
